12,angola,dundo,-7.4,20.8167,775,1985,-999,-999,-999,-999,-999,-999,0,0,-999,-999,-999,-999,
13,angola,dundo,-7.4,20.8167,775,1986,-999,-999,0,-,0,-,0,0,0,0,0,0,
14,angola,dundo,-7.4,20.8167,775,1987,0,0,0,-999,0,-999,-999,-999,-999,-999,-999,-999,
26,angola,luanda,-8.85,13.2333,74,1985,-999,-999,-999,-999,-999,-999,0,1,0,0,0,0,
27,angola,luanda,-8.85,13.2333,74,1986,0,0,0,0,0,0,0,0,0,0,2,1,
28,angola,luanda,-8.85,13.2333,74,1987,0,0,0,-999,0,-999,-999,-999,-999,-999,-999,-999,
84,kenya,mount_kenya,-0.0666667,37.3,3678,2002,-999,-999,-999,-999,-999,2,2,1,1,1,2,0,
85,kenya,mount_kenya,-0.0666667,37.3,3678,2003,0,2,2,2,2,2,0,2,1,1,0,2,
86,kenya,mount_kenya,-0.0666667,37.3,3678,2004,2,2,2,0,2,2,2,2,1,2,-999,-999,
87,kenya,mount_kenya,-0.0666667,37.3,3678,2005,-999,-999,2,2,2,2,2,2,2,2,0,2,
108,kenya,narok,-1.13333,35.8333,1890,1983,0,0,0,0,0,0,0,0,0,0,0,0,
109,kenya,narok,-1.13333,35.8333,1890,1984,0,0,0,0,0,0,0,0,0,0,0,0,
110,kenya,narok,-1.13333,35.8333,1890,1985,0,0,0,0,0,0,0,0,0,0,0,0,
111,kenya,narok,-1.13333,35.8333,1890,1986,0,0,0,0,0,0,0,0,0,0,0,0,
112,kenya,narok,-1.13333,35.8333,1890,1987,0,0,0,0,0,0,0,0,0,0,0,0,
113,kenya,narok,-1.13333,35.8333,1890,1988,0,0,0,0,0,0,0,0,0,0,0,0,
114,kenya,narok,-1.13333,35.8333,1890,1989,0,0,0,0,0,0,0,0,0,0,0,0,
115,kenya,narok,-1.13333,35.8333,1890,1990,0,0,0,0,0,0,0,0,0,0,0,0,
116,kenya,narok,-1.13333,35.8333,1890,1991,0,0,0,0,0,0,0,0,0,0,0,0,
117,kenya,narok,-1.13333,35.8333,1890,1992,0,-,0,0,0,0,0,0,0,0,0,0,
118,kenya,narok,-1.13333,35.8333,1890,1993,0,0,0,0,0,0,-999,-999,-999,-999,-999,-999,
147,kenya,nairobi_dagoretti_corner,-1.3,36.75,1798,1983,0,0,0,0,0,1,0,0,0,0,0,0,
148,kenya,nairobi_dagoretti_corner,-1.3,36.75,1798,1984,0,0,0,0,0,0,0,0,0,0,0,0,
149,kenya,nairobi_dagoretti_corner,-1.3,36.75,1798,1985,1,0,0,0,0,0,1,1,1,1,1,0,
150,kenya,nairobi_dagoretti_corner,-1.3,36.75,1798,1986,0,1,1,0,1,1,1,0,0,0,1,0,
151,kenya,nairobi_dagoretti_corner,-1.3,36.75,1798,1987,0,1,0,0,0,0,0,0,0,0,1,0,
152,kenya,nairobi_dagoretti_corner,-1.3,36.75,1798,1988,0,0,0,0,0,0,0,0,0,0,0,0,
153,kenya,nairobi_dagoretti_corner,-1.3,36.75,1798,1989,0,0,0,0,0,0,0,1,1,0,0,0,
154,kenya,nairobi_dagoretti_corner,-1.3,36.75,1798,1990,1,0,0,0,0,0,0,0,0,0,0,0,
155,kenya,nairobi_dagoretti_corner,-1.3,36.75,1798,1991,0,0,0,0,0,0,0,0,0,0,0,0,
156,kenya,nairobi_dagoretti_corner,-1.3,36.75,1798,1992,0,1,0,0,0,0,0,0,0,0,0,0,
157,kenya,nairobi_dagoretti_corner,-1.3,36.75,1798,1993,0,2,0,0,0,0,-999,-999,-999,-999,-999,-999,
172,kenya,nairobi_kenyatta_arpt,-1.31667,36.9167,1624,1983,0,0,0,0,0,-,-,-,-,-,0,0,
173,kenya,nairobi_kenyatta_arpt,-1.31667,36.9167,1624,1984,0,0,0,0,0,0,0,0,0,0,0,0,
174,kenya,nairobi_kenyatta_arpt,-1.31667,36.9167,1624,1985,0,0,-,0,-,0,0,0,0,0,0,0,
175,kenya,nairobi_kenyatta_arpt,-1.31667,36.9167,1624,1986,0,0,0,-,0,0,0,0,0,0,0,0,
176,kenya,nairobi_kenyatta_arpt,-1.31667,36.9167,1624,1987,0,0,0,0,0,0,0,0,-,0,-,0,
177,kenya,nairobi_kenyatta_arpt,-1.31667,36.9167,1624,1988,0,0,0,-,0,0,0,0,0,0,0,0,
178,kenya,nairobi_kenyatta_arpt,-1.31667,36.9167,1624,1989,0,0,0,0,0,0,0,0,0,0,0,0,
179,kenya,nairobi_kenyatta_arpt,-1.31667,36.9167,1624,1990,0,0,0,0,0,0,0,0,0,0,0,-999,
180,kenya,nairobi_kenyatta_arpt,-1.31667,36.9167,1624,1991,-999,0,0,0,0,0,0,0,0,0,0,0,
181,kenya,nairobi_kenyatta_arpt,-1.31667,36.9167,1624,1992,-999,0,0,0,0,0,0,0,0,0,-999,-999,
182,kenya,nairobi_kenyatta_arpt,-1.31667,36.9167,1624,1993,0,0,0,0,0,0,0,0,0,0,0,-999,
183,kenya,nairobi_kenyatta_arpt,-1.31667,36.9167,1624,1995,0,0,0,0,0,0,0,0,0,0,0,0,
184,kenya,nairobi_kenyatta_arpt,-1.31667,36.9167,1624,1996,0,0,0,0,0,0,0,0,0,0,0,0,
185,kenya,nairobi_kenyatta_arpt,-1.31667,36.9167,1624,1997,0,0,0,0,0,0,0,-,-,0,0,0,
186,kenya,nairobi_kenyatta_arpt,-1.31667,36.9167,1624,1998,0,0,0,0,0,0,0,0,0,0,-999,-999,
187,kenya,nairobi_kenyatta_arpt,-1.31667,36.9167,1624,2000,0,0,-,-,-,0,0,0,0,-,0,0,
188,kenya,nairobi_kenyatta_arpt,-1.31667,36.9167,1624,2003,-999,-999,0,0,0,0,0,0,0,0,0,0,
217,kenya,malindi,-3.23333,40.1,20,1983,0,0,0,0,0,0,0,0,0,0,0,0,
218,kenya,malindi,-3.23333,40.1,20,1984,0,0,0,0,0,0,0,0,0,0,0,0,
219,kenya,malindi,-3.23333,40.1,20,1985,0,0,0,0,0,0,0,0,0,0,0,0,
220,kenya,malindi,-3.23333,40.1,20,1986,0,0,0,0,0,0,0,0,0,0,0,0,
221,kenya,malindi,-3.23333,40.1,20,1987,0,0,0,0,0,0,0,0,0,0,0,-999,
222,kenya,malindi,-3.23333,40.1,20,1988,0,0,0,0,0,0,0,0,0,0,-999,-999,
223,kenya,malindi,-3.23333,40.1,20,1989,-999,-999,0,-,0,-,-,-,0,0,0,-999,
224,kenya,malindi,-3.23333,40.1,20,1990,-999,-999,-999,-999,-999,0,0,0,0,-999,-999,-999,
240,kenya,voi,-3.4,38.5667,560,1983,0,0,0,0,0,0,0,0,0,0,0,0,
241,kenya,voi,-3.4,38.5667,560,1984,0,0,0,0,0,0,0,0,0,0,0,0,
242,kenya,voi,-3.4,38.5667,560,1985,0,0,0,0,0,0,0,0,0,0,0,0,
243,kenya,voi,-3.4,38.5667,560,1986,0,0,0,0,0,0,0,0,0,0,0,0,
244,kenya,voi,-3.4,38.5667,560,1987,0,0,0,0,0,0,0,0,0,0,0,0,
245,kenya,voi,-3.4,38.5667,560,1988,0,0,0,0,0,0,0,0,0,0,0,0,
246,kenya,voi,-3.4,38.5667,560,1989,0,0,0,0,0,0,0,0,0,0,0,0,
247,kenya,voi,-3.4,38.5667,560,1990,0,0,0,0,0,0,0,0,0,0,0,0,
248,kenya,voi,-3.4,38.5667,560,1991,0,0,0,0,0,0,0,0,0,0,0,0,
249,kenya,voi,-3.4,38.5667,560,1992,0,0,0,0,0,0,0,0,0,0,0,0,
250,kenya,voi,-3.4,38.5667,560,1993,0,0,0,0,0,0,0,0,0,0,0,0,
251,kenya,voi,-3.4,38.5667,560,1994,0,0,0,0,0,0,0,0,0,0,0,0,
252,kenya,voi,-3.4,38.5667,560,1995,0,0,-,0,-,0,0,0,0,0,0,0,
253,kenya,voi,-3.4,38.5667,560,1996,0,0,0,0,0,0,0,0,0,0,0,0,
254,kenya,voi,-3.4,38.5667,560,1997,0,0,0,0,0,0,0,0,0,0,0,0,
255,kenya,voi,-3.4,38.5667,560,1998,0,0,0,0,0,0,0,0,0,0,0,0,
256,kenya,voi,-3.4,38.5667,560,1999,0,0,0,0,0,0,0,0,0,0,1,0,
257,kenya,voi,-3.4,38.5667,560,2000,0,0,0,0,0,0,0,0,0,0,0,0,
258,kenya,voi,-3.4,38.5667,560,2001,0,0,0,0,0,0,0,0,0,0,-,0,
259,kenya,voi,-3.4,38.5667,560,2002,0,0,0,0,0,0,0,0,0,0,0,0,
260,kenya,voi,-3.4,38.5667,560,2003,0,0,0,0,0,0,0,0,0,0,0,0,
282,kenya,mombasa_moi_arpt,-4.03333,39.6167,57,1983,0,0,0,0,0,0,0,0,0,-999,-999,-999,
283,kenya,mombasa_moi_arpt,-4.03333,39.6167,57,1990,0,0,0,0,0,0,0,0,0,0,0,0,
284,kenya,mombasa_moi_arpt,-4.03333,39.6167,57,1991,0,0,0,0,0,0,0,0,0,0,0,0,
285,kenya,mombasa_moi_arpt,-4.03333,39.6167,57,1992,0,0,0,0,0,0,-,0,0,0,0,0,
286,kenya,mombasa_moi_arpt,-4.03333,39.6167,57,1993,0,0,0,0,0,0,-999,-999,-999,-999,-999,-999,
287,madagascar,antsiranana,-12.35,49.3,105,1988,-999,-999,0,0,0,0,0,0,0,0,0,0,
288,madagascar,antsiranana,-12.35,49.3,105,1989,0,0,0,0,0,0,-,0,0,0,0,0,
289,madagascar,antsiranana,-12.35,49.3,105,1990,0,0,0,0,0,0,0,0,0,0,0,0,
290,madagascar,antsiranana,-12.35,49.3,105,1991,0,0,0,0,0,0,0,0,0,0,0,0,
291,madagascar,antsiranana,-12.35,49.3,105,1992,0,0,0,0,0,0,0,0,0,0,0,0,
292,madagascar,antsiranana,-12.35,49.3,105,1993,0,0,0,0,0,0,0,0,0,0,-999,-999,
302,madagascar,antananarivo,-18.9,47.5333,1310,1988,-999,-999,0,0,0,0,0,0,0,0,2,-999,
303,madagascar,antananarivo,-18.9,47.5333,1310,1989,0,0,0,0,0,1,0,0,0,0,0,0,
304,madagascar,antananarivo,-18.9,47.5333,1310,1990,0,0,0,0,0,0,0,0,0,0,0,0,
305,madagascar,antananarivo,-18.9,47.5333,1310,1991,0,0,0,0,0,0,0,-,-,1,0,0,
306,madagascar,antananarivo,-18.9,47.5333,1310,1992,0,0,0,0,0,0,0,0,0,0,0,0,
307,madagascar,antananarivo,-18.9,47.5333,1310,1993,0,0,0,0,0,0,-,-,-,0,-999,-999,
308,madagascar,toliara,-23.4,43.7333,8,1988,-999,-999,-999,0,-999,0,0,0,0,0,0,1,
309,madagascar,toliara,-23.4,43.7333,8,1989,-999,-999,-999,-999,-999,-999,-999,0,0,0,0,0,
310,madagascar,toliara,-23.4,43.7333,8,1990,0,0,0,0,0,0,0,0,0,0,0,0,
311,madagascar,toliara,-23.4,43.7333,8,1991,0,0,0,0,0,0,0,0,0,0,0,0,
312,madagascar,toliara,-23.4,43.7333,8,1992,0,0,0,0,0,0,0,0,0,1,0,0,
313,madagascar,toliara,-23.4,43.7333,8,1993,1,0,1,0,1,0,0,1,1,-999,-999,-999,
324,mozambique,pemba,-12.9833,40.5167,99,1983,0,0,0,0,0,0,0,0,0,0,0,0,
325,mozambique,pemba,-12.9833,40.5167,99,1984,0,0,0,0,0,0,0,0,0,0,0,0,
326,mozambique,pemba,-12.9833,40.5167,99,1985,0,0,0,0,0,0,0,0,0,0,0,0,
327,mozambique,pemba,-12.9833,40.5167,99,1986,1,0,0,0,0,0,0,0,0,0,0,0,
328,mozambique,pemba,-12.9833,40.5167,99,1987,0,0,0,0,0,-,-,0,0,0,2,0,
329,mozambique,pemba,-12.9833,40.5167,99,1988,0,0,0,0,0,0,0,0,0,0,0,0,
330,mozambique,pemba,-12.9833,40.5167,99,1989,0,0,0,0,0,0,0,0,0,0,0,0,
331,mozambique,pemba,-12.9833,40.5167,99,1990,0,0,0,0,0,0,0,0,0,0,0,0,
332,mozambique,pemba,-12.9833,40.5167,99,1991,0,0,0,0,0,0,0,0,0,0,0,0,
333,mozambique,pemba,-12.9833,40.5167,99,1992,0,1,0,0,0,0,0,0,1,0,0,0,
334,mozambique,pemba,-12.9833,40.5167,99,1993,0,0,0,0,0,0,0,0,0,-,0,0,
335,mozambique,pemba,-12.9833,40.5167,99,1994,0,0,0,0,0,0,0,0,0,0,0,0,
336,mozambique,pemba,-12.9833,40.5167,99,1995,2,2,0,0,0,0,0,0,0,0,0,0,
337,mozambique,pemba,-12.9833,40.5167,99,1996,-999,0,0,0,0,0,0,0,0,0,0,0,
338,mozambique,pemba,-12.9833,40.5167,99,1997,0,-,-,-,-,-,-,2,0,0,0,-999,
339,mozambique,pemba,-12.9833,40.5167,99,1998,-999,-999,2,0,2,0,0,0,0,0,0,0,
340,mozambique,pemba,-12.9833,40.5167,99,1999,0,0,0,0,0,0,0,-,0,0,0,0,
341,mozambique,pemba,-12.9833,40.5167,99,2002,2,-,2,-,2,0,0,0,0,-999,-999,-999,
360,mozambique,lichinga,-13.3,35.2833,1364,1983,0,0,1,-,1,2,0,0,1,-,-,2,
361,mozambique,lichinga,-13.3,35.2833,1364,1984,0,0,0,0,0,0,0,0,0,0,0,-999,
362,mozambique,lichinga,-13.3,35.2833,1364,1987,-999,-999,-999,0,-999,2,2,-999,-999,-999,-999,-999,
363,mozambique,lichinga,-13.3,35.2833,1364,1998,-999,-999,-999,-999,-999,-999,0,0,5,0,0,0,
364,mozambique,lichinga,-13.3,35.2833,1364,2004,5,-,0,-,0,0,0,1,0,-,5,-999,
386,mozambique,lumbo,-15.0333,40.6667,15,1983,2,0,0,0,0,0,0,0,0,0,0,0,
387,mozambique,lumbo,-15.0333,40.6667,15,1984,0,0,0,0,0,0,2,-,0,0,2,-999,
388,mozambique,lumbo,-15.0333,40.6667,15,1985,1,0,0,0,0,0,0,0,0,0,0,0,
389,mozambique,lumbo,-15.0333,40.6667,15,1986,0,0,0,-,0,0,0,0,0,0,0,-999,
390,mozambique,lumbo,-15.0333,40.6667,15,1988,-999,-999,-999,2,-999,-999,-999,-999,-999,-999,-999,-999,
409,mozambique,nampula,-15.1,39.2833,433,1983,-999,-999,-999,2,-999,0,0,0,0,0,0,0,
410,mozambique,nampula,-15.1,39.2833,433,1984,0,0,0,0,0,-,-,-,-,-,0,0,
411,mozambique,nampula,-15.1,39.2833,433,1985,0,0,0,0,0,1,0,0,0,0,0,0,
412,mozambique,nampula,-15.1,39.2833,433,1986,0,2,0,0,0,0,0,0,0,0,0,0,
413,mozambique,nampula,-15.1,39.2833,433,1987,0,0,0,0,0,0,0,0,0,0,0,0,
414,mozambique,nampula,-15.1,39.2833,433,1988,1,0,0,0,0,0,0,0,0,0,0,0,
415,mozambique,nampula,-15.1,39.2833,433,1989,0,0,0,0,0,0,0,0,0,0,0,0,
416,mozambique,nampula,-15.1,39.2833,433,1990,0,1,0,0,0,0,0,0,0,0,0,0,
417,mozambique,nampula,-15.1,39.2833,433,1991,0,0,0,0,0,0,0,0,0,0,0,1,
418,mozambique,nampula,-15.1,39.2833,433,1992,0,0,0,0,0,0,0,0,0,0,0,0,
419,mozambique,nampula,-15.1,39.2833,433,1993,0,0,0,0,0,0,0,0,0,0,0,0,
420,mozambique,nampula,-15.1,39.2833,433,1994,-999,-999,0,0,0,0,0,0,0,0,0,2,
421,mozambique,nampula,-15.1,39.2833,433,1995,0,0,0,0,0,0,1,0,0,5,2,-999,
422,mozambique,nampula,-15.1,39.2833,433,1996,0,0,0,0,0,0,0,2,-,-,2,0,
423,mozambique,nampula,-15.1,39.2833,433,1997,-999,-999,-999,0,-999,2,-,2,-999,-999,-999,-999,
424,mozambique,nampula,-15.1,39.2833,433,1998,-999,-999,-999,-999,-999,-999,-999,-999,-999,-999,2,0,
425,mozambique,nampula,-15.1,39.2833,433,1999,0,0,0,0,0,0,0,0,5,0,0,0,
426,mozambique,nampula,-15.1,39.2833,433,2000,0,0,0,0,0,0,0,0,0,0,0,0,
427,mozambique,nampula,-15.1,39.2833,433,2001,0,0,0,0,0,0,0,0,0,0,0,0,
428,mozambique,nampula,-15.1,39.2833,433,2002,0,0,0,0,0,0,0,-,0,0,0,2,
429,mozambique,nampula,-15.1,39.2833,433,2003,-999,-999,-999,-999,-999,-999,-999,0,-999,-999,-999,-999,
430,mozambique,nampula,-15.1,39.2833,433,2004,-999,-999,-999,-999,-999,-999,-999,-999,-999,-999,-999,0,
431,mozambique,nampula,-15.1,39.2833,433,2005,2,-,-,-,-,0,0,-999,-999,-999,-999,-999,
445,mozambique,gurue,-15.4667,36.9833,734,1983,2,2,0,0,0,-999,-999,-999,-999,-999,-999,-999,
464,mozambique,tete,-16.1833,33.5833,154,1983,0,0,0,0,0,0,0,0,0,-999,-999,-999,
465,mozambique,tete,-16.1833,33.5833,154,1984,-999,2,-999,-999,-999,-999,-999,-999,-999,-999,-999,-999,
466,mozambique,tete,-16.1833,33.5833,154,1985,-999,-999,-999,2,-999,0,0,0,0,0,0,0,
467,mozambique,tete,-16.1833,33.5833,154,1986,0,2,0,0,0,0,0,0,0,0,0,0,
468,mozambique,tete,-16.1833,33.5833,154,1987,0,0,0,0,0,0,0,0,0,0,1,0,
469,mozambique,tete,-16.1833,33.5833,154,1988,0,0,0,0,0,0,-,2,0,0,0,0,
470,mozambique,tete,-16.1833,33.5833,154,1989,0,0,0,0,0,0,0,0,0,0,0,0,
471,mozambique,tete,-16.1833,33.5833,154,1990,0,0,2,0,2,0,0,0,-999,-999,-999,-999,
472,mozambique,tete,-16.1833,33.5833,154,1993,-999,-999,-999,-999,-999,0,0,0,0,0,0,0,
473,mozambique,tete,-16.1833,33.5833,154,1994,0,0,0,0,0,0,0,0,0,0,0,0,
474,mozambique,tete,-16.1833,33.5833,154,1995,0,0,0,0,0,0,0,0,0,0,0,0,
475,mozambique,tete,-16.1833,33.5833,154,1996,0,0,0,0,0,0,0,0,0,0,0,0,
476,mozambique,tete,-16.1833,33.5833,154,1997,1,0,0,0,0,0,0,0,0,0,0,0,
477,mozambique,tete,-16.1833,33.5833,154,1998,-999,-999,-999,0,-999,0,0,0,0,0,0,0,
478,mozambique,tete,-16.1833,33.5833,154,1999,-999,0,0,-,0,-,-,0,-,0,0,-999,
479,mozambique,tete,-16.1833,33.5833,154,2005,-999,-999,-999,-999,-999,0,-999,-999,-999,-999,-999,-999,
494,mozambique,mocuba,-16.8333,36.9833,134,1983,0,0,0,0,0,0,0,-999,-999,-999,-999,-999,
495,mozambique,mocuba,-16.8333,36.9833,134,1984,0,0,0,0,0,-,0,0,0,0,0,0,
496,mozambique,mocuba,-16.8333,36.9833,134,1985,0,0,0,0,0,-999,-999,-999,-999,-999,-999,-999,
497,mozambique,quelimane,-17.8833,36.8833,6,2002,0,0,-,1,-,-,-,-,0,0,2,0,
498,mozambique,quelimane,-17.8833,36.8833,6,2004,-999,-999,-999,-999,-999,-999,-999,-999,-999,-999,-999,1,
499,mozambique,quelimane,-17.8833,36.8833,6,2005,-999,-999,-999,-999,-999,1,-999,-999,-999,-999,-999,-999,
521,mozambique,chimoio,-19.1167,33.4667,731,1983,0,0,0,0,0,0,0,0,0,0,0,-999,
522,mozambique,chimoio,-19.1167,33.4667,731,1984,0,0,0,0,0,0,0,0,0,0,0,0,
523,mozambique,chimoio,-19.1167,33.4667,731,1985,0,0,0,0,0,0,0,0,0,0,0,0,
524,mozambique,chimoio,-19.1167,33.4667,731,1986,0,0,0,0,0,0,0,0,0,0,0,0,
525,mozambique,chimoio,-19.1167,33.4667,731,1987,0,0,0,0,0,0,-999,-999,-999,-999,-999,-999,
526,mozambique,chimoio,-19.1167,33.4667,731,1988,-999,0,0,0,0,0,0,0,0,0,0,0,
527,mozambique,chimoio,-19.1167,33.4667,731,1989,0,0,0,0,0,0,0,0,0,0,0,0,
528,mozambique,chimoio,-19.1167,33.4667,731,1990,0,0,0,0,0,0,0,0,0,0,0,0,
529,mozambique,chimoio,-19.1167,33.4667,731,1991,0,0,0,0,0,0,0,0,0,-,1,0,
530,mozambique,chimoio,-19.1167,33.4667,731,1992,1,0,0,0,0,0,0,0,0,0,1,0,
531,mozambique,chimoio,-19.1167,33.4667,731,1993,2,0,0,0,0,0,0,1,0,0,0,0,
532,mozambique,chimoio,-19.1167,33.4667,731,1994,0,0,0,0,0,0,-,-,-,0,0,0,
533,mozambique,chimoio,-19.1167,33.4667,731,1995,0,0,0,0,0,0,0,0,2,-999,-999,-999,
534,mozambique,chimoio,-19.1167,33.4667,731,2005,2,-999,-999,-999,-999,-999,-999,-999,-999,-999,-999,-999,
555,mozambique,beira,-19.8333,34.85,7,1983,0,-,0,0,0,0,-,-,0,0,0,2,
556,mozambique,beira,-19.8333,34.85,7,1984,-999,-999,2,2,2,0,0,0,0,0,0,0,
557,mozambique,beira,-19.8333,34.85,7,1985,0,0,0,0,0,0,0,0,0,0,0,0,
558,mozambique,beira,-19.8333,34.85,7,1986,0,0,0,0,0,-999,-999,-999,-999,-999,-999,-999,
559,mozambique,beira,-19.8333,34.85,7,1987,-999,-999,-999,-999,-999,0,0,0,0,0,0,0,
560,mozambique,beira,-19.8333,34.85,7,1988,0,0,0,0,0,0,0,0,0,0,0,2,
561,mozambique,beira,-19.8333,34.85,7,1989,0,0,0,0,0,0,0,0,0,0,0,0,
562,mozambique,beira,-19.8333,34.85,7,1990,0,1,0,0,0,2,0,0,0,0,0,0,
563,mozambique,beira,-19.8333,34.85,7,1991,0,0,0,0,0,0,0,0,0,0,2,0,
564,mozambique,beira,-19.8333,34.85,7,1992,0,0,0,0,0,0,0,0,0,0,0,0,
565,mozambique,beira,-19.8333,34.85,7,1993,0,0,0,0,0,0,0,0,0,0,0,1,
566,mozambique,beira,-19.8333,34.85,7,1994,0,0,0,0,0,0,0,0,0,0,2,-999,
567,mozambique,beira,-19.8333,34.85,7,1995,-999,-999,-999,-999,-999,-999,-999,0,0,0,0,0,
568,mozambique,beira,-19.8333,34.85,7,1996,0,0,0,0,0,0,0,0,0,0,0,0,
569,mozambique,beira,-19.8333,34.85,7,1997,0,0,-999,-999,-999,-999,-999,-999,-999,-999,-999,-999,
570,mozambique,beira,-19.8333,34.85,7,2001,-999,-999,-999,-999,-999,-999,-999,0,0,-999,-999,-999,
571,mozambique,beira,-19.8333,34.85,7,2002,-999,-999,-999,-999,-999,-999,-999,-999,-999,0,-999,-999,
605,mozambique,inhambane,-23.8667,35.3833,14,1983,0,-,-,0,-,0,0,0,0,1,0,0,
606,mozambique,inhambane,-23.8667,35.3833,14,1984,0,0,0,0,0,0,0,0,0,0,0,0,
607,mozambique,inhambane,-23.8667,35.3833,14,1985,0,0,0,0,0,0,0,0,0,0,0,0,
608,mozambique,inhambane,-23.8667,35.3833,14,1986,0,0,0,0,0,0,0,0,0,0,0,0,
609,mozambique,inhambane,-23.8667,35.3833,14,1987,0,0,0,0,0,2,-,2,0,0,0,0,
610,mozambique,inhambane,-23.8667,35.3833,14,1988,0,0,2,0,2,0,0,2,-999,-999,-999,-999,
611,mozambique,inhambane,-23.8667,35.3833,14,1991,0,0,0,-999,0,-999,-999,-999,-999,-999,-999,-999,
612,mozambique,inhambane,-23.8667,35.3833,14,1994,-999,-999,-999,-999,-999,-999,-999,-999,-999,-999,0,0,
613,mozambique,inhambane,-23.8667,35.3833,14,1995,0,0,0,0,0,0,0,0,2,0,-,0,
614,mozambique,inhambane,-23.8667,35.3833,14,1996,0,2,-,2,-,0,0,0,0,2,-999,-999,
615,mozambique,inhambane,-23.8667,35.3833,14,1997,-999,-999,-999,-999,-999,2,0,2,0,0,0,-999,
616,mozambique,inhambane,-23.8667,35.3833,14,1998,2,0,0,0,0,0,0,0,0,-,0,0,
638,mozambique,chokwe,-24.5167,33,33,1983,0,0,0,0,0,2,-,0,0,0,0,0,
639,mozambique,chokwe,-24.5167,33,33,1984,0,0,0,0,0,0,0,0,0,0,0,0,
640,mozambique,chokwe,-24.5167,33,33,1985,0,0,0,0,0,0,0,0,0,0,0,0,
641,mozambique,chokwe,-24.5167,33,33,1986,0,0,0,0,0,0,0,0,0,0,0,0,
642,mozambique,chokwe,-24.5167,33,33,1987,0,0,0,0,0,0,0,0,0,0,0,0,
643,mozambique,chokwe,-24.5167,33,33,1988,0,0,0,0,0,0,0,0,0,0,0,0,
644,mozambique,chokwe,-24.5167,33,33,1989,0,0,0,0,0,0,0,0,0,0,0,0,
645,mozambique,chokwe,-24.5167,33,33,1990,0,1,2,0,2,0,0,0,0,0,0,0,
646,mozambique,chokwe,-24.5167,33,33,1991,0,0,-,-,-,0,0,0,0,0,0,0,
647,mozambique,chokwe,-24.5167,33,33,1992,1,0,0,0,0,0,0,0,2,0,0,0,
648,mozambique,chokwe,-24.5167,33,33,1993,0,0,-,-,-,1,0,2,0,0,0,0,
649,mozambique,chokwe,-24.5167,33,33,1994,0,0,2,0,2,0,0,0,-,1,-999,-999,
650,mozambique,chokwe,-24.5167,33,33,1995,-999,-999,0,0,0,0,0,-,-,0,0,0,
651,mozambique,chokwe,-24.5167,33,33,1996,0,0,5,0,5,0,0,0,0,0,0,1,
652,mozambique,chokwe,-24.5167,33,33,1998,0,0,0,0,0,0,0,0,0,0,0,0,
667,mozambique,maniquenique,-24.7667,33.5333,13,1983,2,0,0,0,0,0,0,0,0,0,0,0,
668,mozambique,maniquenique,-24.7667,33.5333,13,1984,0,0,0,0,0,0,0,0,0,0,2,-999,
669,mozambique,maniquenique,-24.7667,33.5333,13,1985,-999,1,0,-,0,0,0,0,2,-999,-999,-999,
670,mozambique,maniquenique,-24.7667,33.5333,13,1986,-999,-999,-999,2,-999,1,0,0,0,0,0,0,
671,mozambique,maniquenique,-24.7667,33.5333,13,1987,0,0,0,0,0,0,-999,-999,-999,-999,-999,-999,
672,mozambique,maniquenique,-24.7667,33.5333,13,1988,-999,-999,-999,-999,-999,-999,-999,0,0,0,0,0,
673,mozambique,maniquenique,-24.7667,33.5333,13,1989,0,0,0,0,0,-,-,-,0,0,0,0,
674,mozambique,maniquenique,-24.7667,33.5333,13,1990,0,0,0,0,0,0,0,0,0,0,0,0,
675,mozambique,maniquenique,-24.7667,33.5333,13,1991,0,0,0,0,0,0,0,0,0,0,0,0,
676,mozambique,maniquenique,-24.7667,33.5333,13,1992,0,0,0,0,0,0,0,-999,-999,-999,-999,-999,
677,mozambique,maniquenique,-24.7667,33.5333,13,1993,-999,-999,-999,2,-999,0,0,0,0,0,0,0,
678,mozambique,maniquenique,-24.7667,33.5333,13,1994,0,0,0,2,0,-,-,0,-,0,0,0,
679,mozambique,maniquenique,-24.7667,33.5333,13,1995,0,0,0,0,0,0,0,-,-,0,0,0,
680,mozambique,maniquenique,-24.7667,33.5333,13,1996,0,0,0,0,0,0,0,0,0,0,-,0,
681,mozambique,maniquenique,-24.7667,33.5333,13,1997,0,2,-999,-999,-999,-999,-999,-999,-999,-999,-999,-999,
682,mozambique,xai-xai,-25.05,33.6333,15,1998,-999,-999,-999,-999,-999,-999,0,0,0,2,-999,-999,
694,mozambique,maputo_mavalane,-25.9167,32.5667,37,1983,0,0,0,0,0,0,0,0,0,0,0,0,
695,mozambique,maputo_mavalane,-25.9167,32.5667,37,1984,0,0,0,0,0,0,-,-,-,-,0,-999,
696,mozambique,maputo_mavalane,-25.9167,32.5667,37,1985,-999,-999,2,2,2,0,0,0,0,0,0,0,
697,mozambique,maputo_mavalane,-25.9167,32.5667,37,1986,0,2,0,0,0,0,0,0,0,0,0,0,
698,mozambique,maputo_mavalane,-25.9167,32.5667,37,1987,0,0,0,0,0,0,0,0,0,0,0,0,
699,mozambique,maputo_mavalane,-25.9167,32.5667,37,1988,0,0,0,0,0,0,0,0,0,0,0,2,
719,mozambique,maputo,-25.9667,32.6,70,1983,0,0,0,0,0,0,-,0,0,0,0,0,
720,mozambique,maputo,-25.9667,32.6,70,1984,0,0,0,0,0,0,0,0,0,0,0,0,
721,mozambique,maputo,-25.9667,32.6,70,1985,0,0,0,0,0,0,0,0,0,0,0,0,
722,mozambique,maputo,-25.9667,32.6,70,1986,0,0,0,0,0,0,0,0,0,0,0,0,
723,mozambique,maputo,-25.9667,32.6,70,1987,0,0,0,0,0,0,0,0,0,0,0,0,
724,mozambique,maputo,-25.9667,32.6,70,1988,0,0,0,0,0,0,0,0,0,0,0,0,
725,mozambique,maputo,-25.9667,32.6,70,1989,0,0,0,0,0,0,0,0,0,0,0,0,
726,mozambique,maputo,-25.9667,32.6,70,1990,0,0,0,0,0,0,0,0,0,0,0,0,
727,mozambique,maputo,-25.9667,32.6,70,1991,0,0,0,0,0,0,0,0,0,0,0,1,
728,mozambique,maputo,-25.9667,32.6,70,1992,0,0,0,0,0,0,0,0,0,0,0,0,
729,mozambique,maputo,-25.9667,32.6,70,1993,0,0,0,0,0,0,0,0,0,0,0,0,
730,mozambique,maputo,-25.9667,32.6,70,1994,0,0,0,0,0,0,0,0,0,0,0,0,
731,mozambique,maputo,-25.9667,32.6,70,1995,0,0,0,0,0,0,0,0,0,0,0,0,
732,mozambique,maputo,-25.9667,32.6,70,1996,0,0,0,0,0,0,0,0,0,0,0,0,
733,mozambique,maputo,-25.9667,32.6,70,1997,0,0,0,0,0,0,0,0,0,0,0,0,
734,mozambique,maputo,-25.9667,32.6,70,1998,0,0,0,0,0,0,0,0,0,0,0,0,
735,mozambique,maputo,-25.9667,32.6,70,1999,0,0,0,0,0,0,0,0,0,0,0,0,
736,mozambique,maputo,-25.9667,32.6,70,2000,0,0,0,0,0,0,0,0,0,0,0,0,
737,mozambique,maputo,-25.9667,32.6,70,2001,0,0,0,0,0,0,0,0,0,0,0,0,
738,mozambique,maputo,-25.9667,32.6,70,2002,0,0,0,0,0,0,0,0,0,0,0,0,
739,mozambique,maputo,-25.9667,32.6,70,2003,0,0,0,0,0,0,0,0,0,0,0,0,
740,mozambique,maputo,-25.9667,32.6,70,2004,0,0,0,0,0,0,0,0,0,0,0,0,
741,mozambique,maputo,-25.9667,32.6,70,2005,0,0,0,0,0,0,0,0,0,0,0,1,
760,mozambique,umbeluzi,-26.05,32.3833,12,1983,0,0,0,0,0,0,0,0,0,0,0,0,
761,mozambique,umbeluzi,-26.05,32.3833,12,1984,-999,-999,-999,-999,-999,-999,-999,-999,-999,0,0,0,
762,mozambique,umbeluzi,-26.05,32.3833,12,1985,0,0,0,0,0,0,0,0,0,0,0,0,
763,mozambique,umbeluzi,-26.05,32.3833,12,1986,0,0,0,0,0,0,0,0,0,0,0,0,
764,mozambique,umbeluzi,-26.05,32.3833,12,1987,0,0,1,0,1,0,0,0,0,0,0,0,
765,mozambique,umbeluzi,-26.05,32.3833,12,1988,0,0,0,0,0,0,0,0,0,0,0,0,
766,mozambique,umbeluzi,-26.05,32.3833,12,1989,0,0,0,0,0,0,0,0,0,0,0,0,
767,mozambique,umbeluzi,-26.05,32.3833,12,1990,0,0,0,-,0,0,0,0,0,0,0,0,
768,mozambique,umbeluzi,-26.05,32.3833,12,1991,0,0,0,0,0,0,1,0,1,0,0,0,
769,mozambique,umbeluzi,-26.05,32.3833,12,1992,0,0,0,0,0,0,0,0,0,0,0,0,
770,mozambique,umbeluzi,-26.05,32.3833,12,1993,0,0,0,0,0,1,0,0,0,0,0,0,
771,mozambique,umbeluzi,-26.05,32.3833,12,1994,-999,1,0,0,0,0,1,0,-,1,1,1,
772,mozambique,umbeluzi,-26.05,32.3833,12,1995,0,0,0,0,0,0,0,-,-,5,5,5,
773,mozambique,umbeluzi,-26.05,32.3833,12,1996,5,5,5,5,5,-,5,5,5,5,5,5,
774,mozambique,umbeluzi,-26.05,32.3833,12,1997,0,0,0,0,0,5,-,-,-,5,5,5,
775,mozambique,umbeluzi,-26.05,32.3833,12,1998,5,5,5,5,5,5,5,0,5,5,5,5,
929,reunion,st-denis_gillot,-20.8833,55.5167,21,1983,0,0,0,0,0,0,0,0,0,0,0,0,
930,reunion,st-denis_gillot,-20.8833,55.5167,21,1984,0,0,0,0,0,0,0,0,0,0,0,0,
931,reunion,st-denis_gillot,-20.8833,55.5167,21,1985,0,0,0,0,0,0,0,0,0,0,0,0,
932,reunion,st-denis_gillot,-20.8833,55.5167,21,1986,0,0,0,0,0,0,0,0,0,0,0,0,
933,reunion,st-denis_gillot,-20.8833,55.5167,21,1987,0,0,0,0,0,0,0,0,0,0,0,0,
934,reunion,st-denis_gillot,-20.8833,55.5167,21,1988,0,0,0,0,0,0,0,0,0,0,0,0,
935,reunion,st-denis_gillot,-20.8833,55.5167,21,1989,0,0,0,0,0,0,0,0,0,0,0,0,
936,reunion,st-denis_gillot,-20.8833,55.5167,21,1990,0,0,0,0,0,0,0,0,0,0,0,0,
937,reunion,st-denis_gillot,-20.8833,55.5167,21,1991,0,0,0,0,0,0,0,0,0,0,0,0,
938,reunion,st-denis_gillot,-20.8833,55.5167,21,1992,0,0,0,0,0,0,0,0,0,0,0,0,
939,reunion,st-denis_gillot,-20.8833,55.5167,21,1993,0,0,0,-999,0,-999,-999,-999,-999,-999,-999,-999,
1093,zaire,buta,-2.78333,24.7833,450,1983,0,0,0,0,0,0,0,0,0,0,0,0,
1094,zaire,buta,-2.78333,24.7833,450,1984,0,0,0,0,0,0,0,0,0,0,0,0,
1095,zaire,buta,-2.78333,24.7833,450,1985,0,0,0,0,0,0,0,-,0,0,0,-999,
1096,zaire,buta,-2.78333,24.7833,450,1986,0,0,0,0,0,0,0,0,0,0,-,0,
1097,zaire,buta,-2.78333,24.7833,450,1987,0,0,0,0,0,0,0,0,0,2,-,0,
1098,zaire,buta,-2.78333,24.7833,450,1988,0,0,0,0,0,0,0,0,0,-,0,0,
1099,zaire,buta,-2.78333,24.7833,450,1989,0,0,0,0,0,0,0,0,-999,-999,-999,-999,
1143,zaire,mbandaka,-0.05,18.2667,341,1983,0,0,0,0,0,0,0,0,-,0,0,0,
1144,zaire,mbandaka,-0.05,18.2667,341,1984,0,-,0,0,0,0,0,0,0,0,0,0,
1145,zaire,mbandaka,-0.05,18.2667,341,1985,0,0,0,0,0,0,0,0,0,0,0,-999,
1146,zaire,mbandaka,-0.05,18.2667,341,1986,0,0,0,0,0,0,-,0,-,-,-,0,
1147,zaire,mbandaka,-0.05,18.2667,341,1987,0,0,0,0,0,0,0,-,0,0,0,0,
1148,zaire,mbandaka,-0.05,18.2667,341,1988,0,0,0,0,0,-,0,0,0,0,0,0,
1149,zaire,mbandaka,-0.05,18.2667,341,1989,0,0,0,-,0,0,0,0,0,0,0,0,
1169,zaire,boende,-0.216667,20.85,375,1983,0,0,0,-,0,-,0,0,-,0,0,0,
1170,zaire,boende,-0.216667,20.85,375,1984,0,0,0,-999,0,-999,-999,-999,-999,-999,-999,-999,
1171,zaire,boende,-0.216667,20.85,375,1985,0,-,-,-,-,0,-,0,0,-,0,-999,
1172,zaire,boende,-0.216667,20.85,375,1988,-999,-999,-999,0,-999,0,0,0,0,-,0,0,
1173,zaire,boende,-0.216667,20.85,375,1989,0,0,0,0,0,0,-999,-999,-999,-999,-999,-999,
1175,zaire,goma,-1.66667,29.6833,1555,1983,0,-999,-999,-999,-999,-999,-999,-999,-999,-999,-999,-999,
1176,zaire,goma,-1.66667,29.6833,1555,1984,-999,-999,-999,-999,-999,-999,0,-999,-999,-999,-999,-999,
1181,zaire,inongo,-1.96667,18.2667,310,1983,0,0,0,0,0,0,0,0,0,0,0,0,
1182,zaire,inongo,-1.96667,18.2667,310,1984,0,0,-999,-999,-999,-999,-999,-999,-999,-999,-999,-999,
1183,zaire,inongo,-1.96667,18.2667,310,1985,-999,-999,0,0,0,0,0,0,0,0,0,0,
1184,zaire,inongo,-1.96667,18.2667,310,1986,0,0,1,0,1,0,0,0,0,0,0,1,
1185,zaire,inongo,-1.96667,18.2667,310,1987,0,1,0,0,0,0,0,0,0,0,0,0,
1186,zaire,inongo,-1.96667,18.2667,310,1988,0,0,0,0,0,0,-,1,0,0,0,1,
1187,zaire,inongo,-1.96667,18.2667,310,1989,0,0,-,-,-,-,0,0,0,0,0,0,
1225,zaire,kindu,-2.95,25.9167,515,1983,0,-999,-999,-999,-999,-999,-999,-999,-999,-999,-999,-999,
1245,zaire,kinshasa_binza,-4.36667,15.25,445,1983,0,0,0,0,0,0,0,0,0,0,0,0,
1246,zaire,kinshasa_binza,-4.36667,15.25,445,1984,0,0,0,0,0,0,0,0,0,0,0,0,
1247,zaire,kinshasa_binza,-4.36667,15.25,445,1985,0,0,0,0,0,1,0,0,0,1,0,0,
1248,zaire,kinshasa_binza,-4.36667,15.25,445,1986,0,0,0,0,0,0,0,0,0,0,0,0,
1249,zaire,kinshasa_binza,-4.36667,15.25,445,1987,0,0,0,0,0,0,0,0,0,0,0,0,
1250,zaire,kinshasa_binza,-4.36667,15.25,445,1988,0,0,0,0,0,0,0,0,0,0,0,0,
1251,zaire,kinshasa_binza,-4.36667,15.25,445,1989,0,0,0,0,0,0,0,0,0,0,0,0,
1269,zaire,kananga,-5.88333,22.4167,675,1983,0,0,0,0,0,0,0,0,0,0,0,0,
1270,zaire,kananga,-5.88333,22.4167,675,1984,0,0,0,0,0,0,0,1,-999,-999,-999,-999,
1271,zaire,kananga,-5.88333,22.4167,675,1985,-999,-999,2,0,2,2,-,-,1,0,0,0,
1272,zaire,kananga,-5.88333,22.4167,675,1986,0,0,0,0,0,0,0,0,0,0,0,0,
1273,zaire,kananga,-5.88333,22.4167,675,1987,0,0,0,0,0,0,0,0,0,0,0,0,
1274,zaire,kananga,-5.88333,22.4167,675,1988,0,0,-,0,-,0,0,0,0,0,0,-999,
1275,zaire,kananga,-5.88333,22.4167,675,1989,0,0,0,0,0,0,0,0,0,0,0,0,
1290,zambia,kasama,-10.2167,31.1333,1384,1987,-999,-999,-999,-999,-999,-999,-999,-999,-999,0,0,0,
1291,zambia,kasama,-10.2167,31.1333,1384,1988,0,0,0,-,0,0,0,0,0,0,0,0,
1292,zambia,kasama,-10.2167,31.1333,1384,1989,0,0,0,0,0,0,-,0,0,0,1,0,
1293,zambia,kasama,-10.2167,31.1333,1384,1990,0,0,0,0,0,0,0,0,0,0,0,1,
1294,zambia,kasama,-10.2167,31.1333,1384,1991,0,0,0,0,0,-999,-999,-999,-999,-999,-999,-999,
1295,zambia,mansa,-11.1,28.85,1259,1987,-999,-999,-999,-999,-999,-999,-999,-999,-999,0,0,0,
1296,zambia,mansa,-11.1,28.85,1259,1988,0,0,0,0,0,0,0,0,0,0,0,0,
1297,zambia,mansa,-11.1,28.85,1259,1989,0,0,0,0,0,0,-,0,0,0,0,0,
1298,zambia,mansa,-11.1,28.85,1259,1990,0,0,0,0,0,0,0,1,0,0,0,0,
1299,zambia,mansa,-11.1,28.85,1259,1991,0,0,0,0,0,0,0,0,0,0,-999,-999,
1300,zambia,mansa,-11.1,28.85,1259,1995,0,0,0,0,0,0,0,0,0,0,0,0,
1301,zambia,mansa,-11.1,28.85,1259,1996,0,0,0,0,0,0,-,0,0,0,0,0,
1302,zambia,mansa,-11.1,28.85,1259,1997,0,0,0,5,0,-999,-999,-999,-999,-999,-999,-999,
1303,zambia,ndola,-13,28.65,1270,1987,-999,-999,-999,-999,-999,-999,-999,-999,-999,0,0,0,
1304,zambia,ndola,-13,28.65,1270,1988,0,0,0,0,0,0,2,-,-,0,2,0,
1305,zambia,ndola,-13,28.65,1270,1989,0,0,0,0,0,0,-,0,0,0,0,0,
1306,zambia,ndola,-13,28.65,1270,1990,0,0,0,0,0,0,0,0,0,0,0,0,
1307,zambia,ndola,-13,28.65,1270,1991,0,0,0,0,0,0,0,0,-999,-999,-999,-999,
1308,zambia,mfuwe,-13.2667,31.9333,570,1987,-999,-999,-999,-999,-999,-999,-999,-999,-999,0,0,0,
1309,zambia,mfuwe,-13.2667,31.9333,570,1988,0,0,0,0,0,0,0,0,0,0,0,0,
1310,zambia,mfuwe,-13.2667,31.9333,570,1989,1,0,0,0,0,0,-,0,0,0,1,0,
1311,zambia,mfuwe,-13.2667,31.9333,570,1990,0,0,0,0,0,0,0,0,0,0,0,0,
1312,zambia,mfuwe,-13.2667,31.9333,570,1991,0,0,1,0,1,0,0,0,0,-999,-999,-999,
1313,zambia,mongu,-15.25,23.15,1053,1987,-999,-999,-999,-999,-999,-999,-999,-999,-999,1,0,0,
1314,zambia,mongu,-15.25,23.15,1053,1988,1,0,0,0,0,-,-,2,0,2,1,2,
1315,zambia,mongu,-15.25,23.15,1053,1989,1,0,0,0,0,0,-,0,1,-999,-999,-999,
1316,zambia,lusaka_city_arpt,-15.4167,28.3167,1283,1987,-999,-999,-999,-999,-999,-999,-999,-999,-999,0,-,0,
1317,zambia,lusaka_city_arpt,-15.4167,28.3167,1283,1988,0,0,0,0,0,0,2,2,2,1,2,2,
1318,zambia,lusaka_city_arpt,-15.4167,28.3167,1283,1989,2,1,-,1,-,0,-,1,-,2,0,0,
1319,zambia,lusaka_city_arpt,-15.4167,28.3167,1283,1990,0,0,0,0,0,0,0,0,0,0,0,0,
1320,zambia,lusaka_city_arpt,-15.4167,28.3167,1283,1991,0,0,0,0,0,0,0,0,0,0,0,0,
1321,zambia,lusaka_city_arpt,-15.4167,28.3167,1283,1992,0,0,0,0,0,0,0,0,0,0,0,0,
1322,zambia,lusaka_city_arpt,-15.4167,28.3167,1283,1993,0,1,0,0,0,1,0,0,0,0,0,0,
1323,zambia,lusaka_city_arpt,-15.4167,28.3167,1283,1994,5,5,5,1,5,1,1,1,1,1,1,1,
1324,zambia,lusaka_city_arpt,-15.4167,28.3167,1283,1995,0,0,0,0,0,0,0,0,0,0,0,0,
1325,zambia,lusaka_city_arpt,-15.4167,28.3167,1283,1996,0,0,0,0,0,0,0,0,0,0,1,2,
1326,zambia,lusaka_city_arpt,-15.4167,28.3167,1283,1997,0,1,1,0,1,0,0,0,0,0,0,0,
1327,zambia,lusaka_city_arpt,-15.4167,28.3167,1283,1998,0,0,0,0,0,0,0,0,-999,-999,-999,-999,
1328,zambia,livingstone,-17.8167,25.8167,986,1987,-999,-999,-999,-999,-999,-999,-999,-999,-999,0,0,0,
1329,zambia,livingstone,-17.8167,25.8167,986,1988,0,0,0,0,0,0,0,0,0,0,0,0,
1330,zambia,livingstone,-17.8167,25.8167,986,1989,0,0,1,0,1,0,-,0,0,1,1,1,
1331,zambia,livingstone,-17.8167,25.8167,986,1990,0,0,0,0,0,1,0,0,0,2,1,0,
1332,zambia,livingstone,-17.8167,25.8167,986,1991,0,0,2,0,2,0,0,2,-999,-999,-999,-999,
1348,zimbabwe,harare_belvedere,-17.8333,31.0167,1472,1983,0,0,0,0,0,0,0,0,0,0,0,0,
1349,zimbabwe,harare_belvedere,-17.8333,31.0167,1472,1984,0,0,0,0,0,0,0,0,0,0,0,0,
1350,zimbabwe,harare_belvedere,-17.8333,31.0167,1472,1985,1,0,0,0,0,2,0,0,0,1,2,2,
1351,zimbabwe,harare_belvedere,-17.8333,31.0167,1472,1986,-999,-999,0,0,0,0,0,0,0,0,0,0,
1352,zimbabwe,harare_belvedere,-17.8333,31.0167,1472,1987,0,0,1,0,1,0,0,0,0,0,0,0,
1353,zimbabwe,harare_belvedere,-17.8333,31.0167,1472,1988,0,1,1,0,1,0,0,0,0,0,0,0,
1354,zimbabwe,harare_belvedere,-17.8333,31.0167,1472,1989,0,0,0,0,0,-,0,-999,-999,-999,-999,-999,
1355,zimbabwe,harare_belvedere,-17.8333,31.0167,1472,1990,-999,-999,-999,-999,-999,-999,1,0,0,0,0,-999,
1356,zimbabwe,harare_belvedere,-17.8333,31.0167,1472,1991,0,1,0,0,0,0,0,0,0,0,0,0,
1357,zimbabwe,harare_belvedere,-17.8333,31.0167,1472,1992,0,0,0,0,0,0,0,0,0,0,0,0,
1358,zimbabwe,harare_belvedere,-17.8333,31.0167,1472,1993,0,0,0,0,0,0,0,0,0,0,0,0,
1359,zimbabwe,harare_belvedere,-17.8333,31.0167,1472,1994,0,0,0,1,0,0,0,0,0,0,0,0,
1360,zimbabwe,harare_belvedere,-17.8333,31.0167,1472,1995,0,0,0,0,0,0,0,0,0,0,0,1,
1361,zimbabwe,harare_belvedere,-17.8333,31.0167,1472,1996,0,0,-,-,-,-,0,0,0,0,0,0,
1362,zimbabwe,harare_belvedere,-17.8333,31.0167,1472,1997,0,1,0,1,0,0,0,0,-,0,0,0,
1363,zimbabwe,harare_belvedere,-17.8333,31.0167,1472,1998,0,0,0,0,0,0,0,0,0,0,0,0,
1364,zimbabwe,harare_belvedere,-17.8333,31.0167,1472,1999,0,0,0,0,0,0,0,0,0,0,0,0,
1365,zimbabwe,harare_belvedere,-17.8333,31.0167,1472,2000,0,0,0,0,0,0,0,0,0,0,0,0,
1366,zimbabwe,harare_belvedere,-17.8333,31.0167,1472,2001,0,0,0,0,0,0,0,0,0,0,0,0,
1367,zimbabwe,harare_belvedere,-17.8333,31.0167,1472,2002,0,0,0,0,0,0,0,0,0,0,1,0,
1368,zimbabwe,harare_belvedere,-17.8333,31.0167,1472,2003,0,0,0,0,0,0,0,0,0,0,1,0,
1369,zimbabwe,harare_belvedere,-17.8333,31.0167,1472,2004,-999,-999,0,5,0,0,1,0,0,0,0,0,
1370,zimbabwe,harare_belvedere,-17.8333,31.0167,1472,2005,0,0,0,0,0,2,0,0,0,0,2,2,
1390,zimbabwe,bulawayo_goetz_obs_,-20.15,28.6167,1344,1983,0,0,0,0,0,0,0,0,0,0,0,0,
1391,zimbabwe,bulawayo_goetz_obs_,-20.15,28.6167,1344,1984,0,0,0,0,0,0,0,0,0,0,0,0,
1392,zimbabwe,bulawayo_goetz_obs_,-20.15,28.6167,1344,1985,0,0,0,0,0,0,0,0,0,0,0,0,
1393,zimbabwe,bulawayo_goetz_obs_,-20.15,28.6167,1344,1986,0,0,0,0,0,0,0,0,0,0,0,0,
1394,zimbabwe,bulawayo_goetz_obs_,-20.15,28.6167,1344,1987,0,0,0,0,0,0,0,0,0,0,0,0,
1395,zimbabwe,bulawayo_goetz_obs_,-20.15,28.6167,1344,1988,0,0,0,0,0,0,0,0,0,0,0,0,
1396,zimbabwe,bulawayo_goetz_obs_,-20.15,28.6167,1344,1989,0,0,0,0,0,0,0,0,0,0,0,0,
1397,zimbabwe,bulawayo_goetz_obs_,-20.15,28.6167,1344,1990,0,0,0,0,0,0,0,0,0,0,0,0,
1398,zimbabwe,bulawayo_goetz_obs_,-20.15,28.6167,1344,1991,0,0,0,0,0,0,0,0,0,0,0,0,
1399,zimbabwe,bulawayo_goetz_obs_,-20.15,28.6167,1344,1992,0,0,0,0,0,0,0,0,0,0,0,0,
1400,zimbabwe,bulawayo_goetz_obs_,-20.15,28.6167,1344,1993,0,0,-,0,-,0,0,-,0,0,0,0,
1401,zimbabwe,bulawayo_goetz_obs_,-20.15,28.6167,1344,1994,0,0,0,0,0,0,0,0,0,0,0,0,
1402,zimbabwe,bulawayo_goetz_obs_,-20.15,28.6167,1344,1995,0,0,0,0,0,0,0,0,0,0,0,0,
1403,zimbabwe,bulawayo_goetz_obs_,-20.15,28.6167,1344,1996,0,0,-,-,-,0,0,0,0,0,0,1,
1404,zimbabwe,bulawayo_goetz_obs_,-20.15,28.6167,1344,1997,0,0,-,1,-,0,0,0,0,0,0,0,
1405,zimbabwe,bulawayo_goetz_obs_,-20.15,28.6167,1344,1998,0,0,0,0,0,0,0,5,0,0,0,0,
1406,zimbabwe,bulawayo_goetz_obs_,-20.15,28.6167,1344,1999,0,0,0,0,0,0,0,0,0,0,0,0,
1407,zimbabwe,bulawayo_goetz_obs_,-20.15,28.6167,1344,2000,0,0,0,0,0,0,0,0,0,0,0,0,
1408,zimbabwe,bulawayo_goetz_obs_,-20.15,28.6167,1344,2001,0,0,0,0,0,0,0,0,0,0,0,-999,
1409,zimbabwe,bulawayo_goetz_obs_,-20.15,28.6167,1344,2002,0,0,2,-,2,0,0,0,0,0,0,0,
1410,zimbabwe,bulawayo_goetz_obs_,-20.15,28.6167,1344,2003,0,0,0,1,0,0,0,0,0,0,0,-999,
1411,zimbabwe,bulawayo_goetz_obs_,-20.15,28.6167,1344,2004,0,0,0,5,0,0,0,0,0,0,0,0,
1412,zimbabwe,bulawayo_goetz_obs_,-20.15,28.6167,1344,2005,1,0,0,0,0,1,5,0,0,0,0,5,
